,ID,SalePrice
0,1461,121384.23926342539
1,1462,158787.2090582307
2,1463,181219.49859724494
3,1464,177824.380110014
4,1465,191509.1102950431
5,1466,173638.69577450084
6,1467,169414.31881442628
7,1468,157151.26094402175
8,1469,181755.28187266408
9,1470,122632.26425823591
10,1471,206225.18060341204
11,1472,97922.32946408671
12,1473,95226.96997983354
13,1474,151965.66658462145
14,1475,146143.88822071016
15,1476,415082.0774522736
16,1477,262952.9174877161
17,1478,303837.8042956773
18,1479,265942.63367371744
19,1480,507055.5834313373
20,1481,322770.7939047414
21,1482,213468.7716777552
22,1483,162798.78976510462
23,1484,167612.8299775272
24,1485,180608.98426148234
25,1486,192111.11630085806
26,1487,347566.12367764354
27,1488,238480.04285535458
28,1489,207272.93891457265
29,1490,220140.8254734012
30,1491,191863.14285395504
31,1492,91377.50001302078
32,1493,190011.04166844077
33,1494,298336.5276207335
34,1495,293832.3067685333
35,1496,231461.32936411974
36,1497,176326.9782240131
37,1498,166908.3485140319
38,1499,168354.59246196554
39,1500,145643.56259781058
40,1501,167268.14561836925
41,1502,162668.4947224623
42,1503,292049.4154112781
43,1504,228731.65897755732
44,1505,220600.88399954673
45,1506,187713.85620039137
46,1507,237600.30070656035
47,1508,193537.54745415656
48,1509,158992.59517368922
49,1510,144242.85168051813
50,1511,140452.18892122043
51,1512,171839.01826798767
52,1513,149355.65466292072
53,1514,178147.99276365247
54,1515,192416.0761354943
55,1516,166854.13547050624
56,1517,156846.54519378676
57,1518,139065.310449912
58,1519,228021.65795373017
59,1520,133724.49668987744
60,1521,134798.73311116875
61,1522,172784.77201800633
62,1523,109601.12079179833
63,1524,121217.02435381102
64,1525,125102.1430706153
65,1526,126003.34163001424
66,1527,109261.66456510122
67,1528,137374.37529872183
68,1529,147177.9332252404
69,1530,179744.59539306088
70,1531,99639.88170605815
71,1532,107163.93008190609
72,1533,139741.00853738285
73,1534,119486.39337734893
74,1535,151769.31235949614
75,1536,115393.8400826607
76,1537,78507.432990165
77,1538,185104.1522808067
78,1539,207877.77908834172
79,1540,99085.12877340273
80,1541,137319.22635919877
81,1542,134358.46753339563
82,1543,226849.03639889322
83,1544,79771.58113775292
84,1545,112692.3862851579
85,1546,128372.73564184544
86,1547,122103.6714181404
87,1548,132761.33865408582
88,1549,111770.527917213
89,1550,138681.7573581805
90,1551,118748.91280813584
91,1552,126661.12378941501
92,1553,157745.17260933504
93,1554,110421.37356887395
94,1555,169094.50007513745
95,1556,84174.69946177825
96,1557,114526.95243912691
97,1558,93140.90471991108
98,1559,97593.11211735244
99,1560,143513.15520095892
100,1561,138912.1197291387
101,1562,128521.97741692988
102,1563,122665.97316716396
103,1564,161224.178508472
104,1565,144936.86243571402
105,1566,225335.65181288047
106,1567,74402.87246584528
107,1568,212534.6679924365
108,1569,131386.28432801145
109,1570,133302.493808902
110,1571,129100.70688809453
111,1572,147941.98395077372
112,1573,246484.34427429008
113,1574,120802.72407689058
114,1575,220749.84789313664
115,1576,220565.47360328428
116,1577,197815.42406053364
117,1578,151222.2552712074
118,1579,146857.417318969
119,1580,191928.4796002809
120,1581,150492.18760517097
121,1582,126664.83334032053
122,1583,335053.53680903185
123,1584,228368.59492320544
124,1585,139742.52725467633
125,1586,83552.34226934906
126,1587,96086.39898044025
127,1588,143905.25697737644
128,1589,101964.91475519583
129,1590,137906.819701113
130,1591,100376.75227250258
131,1592,121305.80604236077
132,1593,136430.1730953574
133,1594,117227.94927973028
134,1595,105918.64800178549
135,1596,241504.9716771935
136,1597,185882.02155856355
137,1598,205025.3214158128
138,1599,199508.68914335888
139,1600,194047.03002620843
140,1601,76737.50449210592
141,1602,115335.50530999024
142,1603,100865.8341725362
143,1604,276091.5318350273
144,1605,250832.86817216914
145,1606,162381.3669231861
146,1607,163544.27246162665
147,1608,218355.5221014606
148,1609,190378.83277445385
149,1610,146759.97972268352
150,1611,148019.8834809033
151,1612,166117.13539400868
152,1613,162208.74730376032
153,1614,123733.01874669122
154,1615,95224.16506291219
155,1616,73519.19649344937
156,1617,93523.72950232461
157,1618,126776.32345600479
158,1619,139872.96761565888
159,1620,150354.32552919927
160,1621,133079.85842479885
161,1622,138530.50055871243
162,1623,298246.4377632845
163,1624,210161.13699120498
164,1625,131602.85459803484
165,1626,169640.698363853
166,1627,183846.45201678973
167,1628,281373.31064321985
168,1629,184414.0498232433
169,1630,362533.1337425714
170,1631,229383.0509114442
171,1632,249588.22556442767
172,1633,176602.3369854661
173,1634,180227.9895812102
174,1635,182307.4621962151
175,1636,149919.5162618108
176,1637,179845.42086431367
177,1638,208631.95310434757
178,1639,177452.11389071026
179,1640,245066.86571095735
180,1641,176351.6930229377
181,1642,215536.365923544
182,1643,215561.70236637667
183,1644,222035.69004890678
184,1645,191505.132845201
185,1646,154410.90749199197
186,1647,169356.51386124958
187,1648,131532.0920931059
188,1649,139730.97191818623
189,1650,122296.73106316336
190,1651,128401.63421330965
191,1652,98310.3378705325
192,1653,98904.57892165738
193,1654,153695.16787776744
194,1655,160663.29157191684
195,1656,144810.92034720353
196,1657,153313.85082776428
197,1658,143054.4207690026
198,1659,151215.5005636984
199,1660,151024.38966545355
200,1661,444728.8076191393
201,1662,445895.56643785397
202,1663,393898.7232856068
203,1664,428841.720313593
204,1665,310017.47642809665
205,1666,308090.3294345593
206,1667,357098.1292204532
207,1668,334387.7086294316
208,1669,300338.5364296645
209,1670,351733.00551522314
210,1671,255797.43199191423
211,1672,475380.615180767
212,1673,305847.75427105627
213,1674,244544.21318417494
214,1675,177345.3874762941
215,1676,181103.58921587007
216,1677,217253.0845088
217,1678,467255.10533809644
218,1679,363007.19473706954
219,1680,331608.0622750918
220,1681,266091.97175308265
221,1682,290949.45710979827
222,1683,177142.42030056682
223,1684,171811.37063402226
224,1685,165228.42479678072
225,1686,174495.14194808676
226,1687,171775.504660483
227,1688,184071.40177197073
228,1689,187633.46490594823
229,1690,187120.9950897297
230,1691,181287.61212030528
231,1692,271279.06710453925
232,1693,175644.49838513831
233,1694,180035.19691260965
234,1695,168077.0095265147
235,1696,275738.2437180843
236,1697,168834.32760208572
237,1698,384486.3792048482
238,1699,328005.5654903212
239,1700,242188.44469999976
240,1701,258903.21337601123
241,1702,265189.74567211216
242,1703,248047.76188488465
243,1704,305406.3145299095
244,1705,226824.7182779237
245,1706,441270.98884522764
246,1707,211167.23287941818
247,1708,201685.56331383024
248,1709,311944.2404620934
249,1710,219960.29975958323
250,1711,245664.6556243278
251,1712,257387.41030987262
252,1713,251607.34165671834
253,1714,212792.26069396886
254,1715,202449.88872470762
255,1716,179012.56888619845
256,1717,180276.51745815456
257,1718,140974.93731249144
258,1719,198827.9863864407
259,1720,245545.62653548364
260,1721,178790.72304259115
261,1722,134435.20930165178
262,1723,159875.96630617365
263,1724,219596.94376499509
264,1725,244135.5450212101
265,1726,181293.94208741531
266,1727,146709.0180471629
267,1728,188042.07109444638
268,1729,157496.8360655045
269,1730,171105.09941796926
270,1731,126726.6716151153
271,1732,133364.1514344592
272,1733,120061.28282402738
273,1734,118662.8896795083
274,1735,134069.11819165258
275,1736,114952.0887825192
276,1737,354933.3961275583
277,1738,210575.06038102933
278,1739,273168.7855215084
279,1740,217707.99923750025
280,1741,185117.8819374804
281,1742,167268.14561836925
282,1743,175657.50719063182
283,1744,296568.2319075336
284,1745,215087.5116404028
285,1746,237643.72937283656
286,1747,224922.64362386166
287,1748,226827.65328877897
288,1749,149912.62425941462
289,1750,134573.77624853124
290,1751,239457.18354732898
291,1752,122303.08230604358
292,1753,151364.68983770208
293,1754,215986.3580235571
294,1755,162135.98527034873
295,1756,133135.2778070276
296,1757,123594.3279055164
297,1758,141882.89891812572
298,1759,165733.81243007365
299,1760,163916.59057650276
300,1761,151205.24519607754
301,1762,167801.70165549792
302,1763,170253.37523088706
303,1764,116797.5553639019
304,1765,184207.46076659547
305,1766,188157.03302621716
306,1767,226783.75506401638
307,1768,149100.8078198342
308,1769,179137.64573170381
309,1770,149118.38272203415
310,1771,136861.6965912143
311,1772,141087.0257049882
312,1773,131007.30049491712
313,1774,134350.56374384952
314,1775,135493.28890564348
315,1776,124230.9639445946
316,1777,112518.69985270144
317,1778,143606.27104847462
318,1779,112348.19598197559
319,1780,182155.18010121217
320,1781,127904.8348781242
321,1782,100782.1342657865
322,1783,128769.67551801448
323,1784,99519.35866942155
324,1785,118051.87272905897
325,1786,156348.87946953616
326,1787,167426.25257137517
327,1788,62994.7691868505
328,1789,104412.12983220293
329,1790,90680.02758999578
330,1791,172769.2083418731
331,1792,160846.2109135496
332,1793,132902.54576610608
333,1794,149291.45345376496
334,1795,136102.1859527353
335,1796,124554.34224234286
336,1797,123021.53718665316
337,1798,128527.50916226083
338,1799,108440.14253996035
339,1800,141888.4675815101
340,1801,127448.25717063375
341,1802,151167.4379069774
342,1803,149598.40273932283
343,1804,137452.0784499592
344,1805,137677.80182418175
345,1806,109396.39143973445
346,1807,135547.5754551952
347,1808,129271.03710232778
348,1809,118960.42137710551
349,1810,137891.51572448894
350,1811,95952.67391514043
351,1812,94812.77652377354
352,1813,117540.36984169889
353,1814,101212.42495065027
354,1815,57807.37714102208
355,1816,97158.53636486905
356,1817,110201.13599588907
357,1818,144322.07228578287
358,1819,116954.50709884803
359,1820,67196.34854799506
360,1821,113725.26149426063
361,1822,139004.41967271807
362,1823,48053.61061914833
363,1824,138016.4986560779
364,1825,128057.11420601631
365,1826,91915.74971022831
366,1827,106083.57629095677
367,1828,134210.80197026645
368,1829,115563.82293207303
369,1830,139166.27009017344
370,1831,175989.5130605329
371,1832,88956.40026810975
372,1833,142785.5606969649
373,1834,113014.5138135798
374,1835,155884.2409259008
375,1836,122480.68504129768
376,1837,95206.26887392646
377,1838,127213.36945653746
378,1839,83928.01870468257
379,1840,149963.13799531135
380,1841,141220.48176787933
381,1842,77125.63061266064
382,1843,142035.9826953896
383,1844,135984.41636275215
384,1845,145626.55780596478
385,1846,156493.09824683852
386,1847,164801.1890337019
387,1848,56196.87983127829
388,1849,122959.96914595082
389,1850,126482.72833107846
390,1851,152060.988587009
391,1852,129610.10551036493
392,1853,135536.85246607865
393,1854,176754.55346693585
394,1855,142937.2769456402
395,1856,216521.57459415102
396,1857,170915.77936057892
397,1858,135660.16734270944
398,1859,121356.54518280952
399,1860,146279.2146718767
400,1861,121356.54518280952
401,1862,293971.3602096872
402,1863,293043.19356060773
403,1864,293043.19356060773
404,1865,324529.03911094845
405,1866,335930.2088431691
406,1867,252367.26072725817
407,1868,303331.7012696441
408,1869,206201.35410964084
409,1870,259590.80098091884
410,1871,244694.70291433638
411,1872,163665.9498509104
412,1873,222081.63169275262
413,1874,139863.71960410502
414,1875,215665.9206628799
415,1876,193713.46363774035
416,1877,220852.4819662144
417,1878,205130.19947599978
418,1879,133738.02392327553
419,1880,134851.9658779257
420,1881,235139.63594368505
421,1882,254964.4451982025
422,1883,192230.5710749192
423,1884,206422.56800559626
424,1885,248574.24633975752
425,1886,303051.3170013348
426,1887,216194.21701904715
427,1888,293708.123093064
428,1889,168618.2292576376
429,1890,129896.49536996304
430,1891,134633.20864486435
431,1892,110217.50512633033
432,1893,123549.1508200723
433,1894,130925.95559675686
434,1895,140569.37967803262
435,1896,124859.38532076908
436,1897,112601.73217281714
437,1898,114044.68795475185
438,1899,152859.3171655112
439,1900,167025.43633286766
440,1901,166679.4705228957
441,1902,143116.04929352883
442,1903,226033.76698577811
443,1904,146069.46240616357
444,1905,195567.82488437518
445,1906,177878.84987504338
446,1907,216177.61931853645
447,1908,115890.78447260927
448,1909,137817.0381422408
449,1910,122966.3352175865
450,1911,214283.77364925182
451,1912,294590.4518157185
452,1913,149031.82933454483
453,1914,77428.86914223492
454,1915,302490.1674555075
455,1916,67664.2053355523
456,1917,269862.2436885344
457,1918,138769.38321156442
458,1919,161360.35364677064
459,1920,155908.39320401842
460,1921,433510.19712170336
461,1922,323813.2790422207
462,1923,200705.45851280287
463,1924,205345.2020103189
464,1925,218457.272465431
465,1926,392158.5076432457
466,1927,136649.86220805082
467,1928,169730.19864292737
468,1929,123299.95986177846
469,1930,133942.07970337625
470,1931,145959.53173114432
471,1932,132302.73576987287
472,1933,168115.1107594794
473,1934,175170.81654613104
474,1935,170250.05228757294
475,1936,182193.87148976637
476,1937,183037.6655957349
477,1938,178264.25103147628
478,1939,237859.6109950839
479,1940,190921.46820563287
480,1941,168231.0662875097
481,1942,176989.49244540746
482,1943,202907.6788426845
483,1944,314707.89981097705
484,1945,384265.2580250372
485,1946,139728.7412834008
486,1947,319742.38297773886
487,1948,194496.92937593456
488,1949,236853.2051733368
489,1950,184013.71615611477
490,1951,271007.68846865423
491,1952,215748.23221992972
492,1953,161977.80485714527
493,1954,205066.6265930026
494,1955,128801.0659532904
495,1956,303163.8552517338
496,1957,160245.47568565255
497,1958,286544.16261541285
498,1959,136396.50194482307
499,1960,119609.140506025
500,1961,117710.47560048182
501,1962,99784.85170089749
502,1963,108107.69292319861
503,1964,109531.81453102594
504,1965,139863.03940714354
505,1966,161495.34198785303
506,1967,279089.99603554915
507,1968,418588.39323957195
508,1969,394921.2113087187
509,1970,452003.1932531086
510,1971,457617.7319209163
511,1972,370892.1245089715
512,1973,286164.177457446
513,1974,300359.6990108441
514,1975,463232.88824785734
515,1976,268902.44595424604
516,1977,365305.70754238666
517,1978,391929.33405703504
518,1979,350445.8001657623
519,1980,189229.51730320405
520,1981,358332.7796622075
521,1982,232612.2497808676
522,1983,216195.54270314644
523,1984,172355.307347711
524,1985,212496.62769518755
525,1986,221087.8714444068
526,1987,177228.18090888247
527,1988,169534.17081999374
528,1989,192111.11630085806
529,1990,219149.90177370212
530,1991,226369.4753779824
531,1992,212521.64454594883
532,1993,172230.32802439708
533,1994,255407.59720612472
534,1995,185896.55139630596
535,1996,247034.68195461578
536,1997,325187.74177569576
537,1998,367919.8689714838
538,1999,247667.79161373476
539,2000,315249.0979315285
540,2001,256520.77084008625
541,2002,234220.9985099946
542,2003,247343.72278485174
543,2004,275002.5002459739
544,2005,224188.0209721277
545,2006,238437.07459549708
546,2007,243116.1578248666
547,2008,221475.7960578878
548,2009,182532.244209348
549,2010,196259.225859004
550,2011,151276.44867046337
551,2012,177865.40216356202
552,2013,178167.5640816128
553,2014,181678.63215386833
554,2015,205929.8363458508
555,2016,185660.1610851289
556,2017,195684.9702924505
557,2018,119536.34557992089
558,2019,133600.51920245535
559,2020,110167.76023937737
560,2021,113239.13524469145
561,2022,183031.75837552853
562,2023,139333.7169905112
563,2024,233086.07380828925
564,2025,383934.19333897147
565,2026,172207.48187986243
566,2027,145643.56259781058
567,2028,160258.3156176393
568,2029,167730.68863560757
569,2030,288449.8266152074
570,2031,253234.7512509497
571,2032,273251.94128063205
572,2033,286087.5072861337
573,2034,171280.72642349053
574,2035,206803.64749984376
575,2036,196263.7391628406
576,2037,204140.75063810643
577,2038,314087.84838051384
578,2039,230847.61095991096
579,2040,349104.74940912443
580,2041,262101.65381915733
581,2042,198734.45655175246
582,2043,169836.273475699
583,2044,179060.38832605095
584,2045,206208.30116511788
585,2046,140327.2440434549
586,2047,142578.44429776026
587,2048,138534.81099048193
588,2049,139235.0588306769
589,2050,179267.27419122812
590,2051,109465.25425364658
591,2052,132463.52230598652
592,2053,145204.0029013479
593,2054,86493.59244439888
594,2055,159188.97157883874
595,2056,125523.79076761162
596,2057,116915.58534112257
597,2058,220981.83680627274
598,2059,127775.84789643093
599,2060,167257.6060999269
600,2061,181305.71116714098
601,2062,131406.51722744343
602,2063,108043.16878117993
603,2064,137910.34716514256
604,2065,119365.51918379306
605,2066,170316.99666073773
606,2067,124597.65287424113
607,2068,146012.6684033771
608,2069,89348.38832338552
609,2070,111630.48237649904
610,2071,97903.12354595648
611,2072,130020.9761628896
612,2073,139367.30270778004
613,2074,189548.58446175896
614,2075,145877.6529218773
615,2076,128705.7376963585
616,2077,149805.71508065448
617,2078,130976.8968223464
618,2079,132386.19981375252
619,2080,114805.98034906495
620,2081,121425.96773789066
621,2082,138103.72813529838
622,2083,142868.9240520425
623,2084,111138.39379851702
624,2085,120499.06288212982
625,2086,139235.94950900262
626,2087,118914.04800151689
627,2088,99453.4212203508
628,2089,71651.43657138379
629,2090,128000.99449385742
630,2091,119266.42221640644
631,2092,127241.28467469891
632,2093,123356.54631424118
633,2094,135929.88545963028
634,2095,147411.616392699
635,2096,80657.74079918744
636,2097,91744.20300599946
637,2098,143023.64322106272
638,2099,63367.483793473024
639,2100,99094.97423832348
640,2101,128656.89285073448
641,2102,134063.48159324838
642,2103,99782.25291656067
643,2104,127935.00610365787
644,2105,118216.63115587257
645,2106,72295.7944402521
646,2107,231164.02663561693
647,2108,115767.51267992584
648,2109,114165.9207998709
649,2110,136961.78308457643
650,2111,157587.32614490474
651,2112,136673.62354113336
652,2113,116137.49874446678
653,2114,107991.96244273166
654,2115,153376.75275810726
655,2116,123895.05505530114
656,2117,149271.74428122133
657,2118,118671.48496613957
658,2119,102787.2864681028
659,2120,111378.40653914817
660,2121,111027.64125048032
661,2122,101906.46690391909
662,2123,86755.14581604481
663,2124,180160.14663814128
664,2125,124040.9094017442
665,2126,141929.17808689264
666,2127,160669.73747731504
667,2128,126376.81449650452
668,2129,109344.44822033646
669,2130,135963.99340344852
670,2131,150801.94608407636
671,2132,120476.71554325789
672,2133,124514.56812652864
673,2134,122687.65722323811
674,2135,100931.58999056718
675,2136,66798.7371325073
676,2137,121069.59098520831
677,2138,129247.08056062435
678,2139,155109.57497951837
679,2140,137671.05273352176
680,2141,137273.17243214187
681,2142,130721.77857384397
682,2143,141317.3956691413
683,2144,130419.71915123543
684,2145,137109.03233750336
685,2146,169743.79113023446
686,2147,152855.08364187207
687,2148,122758.24023548639
688,2149,136246.17381170695
689,2150,205346.07932895355
690,2151,133085.24259906472
691,2152,192509.67073682373
692,2153,169143.88316717665
693,2154,112052.05852760567
694,2155,136470.86092324415
695,2156,258135.06715238583
696,2157,236077.55439739217
697,2158,242640.46889856388
698,2159,222040.4681491133
699,2160,179945.54424427505
700,2161,244493.13539288144
701,2162,423532.8451487293
702,2163,355441.41268383875
703,2164,245823.80395336667
704,2165,174739.13696078694
705,2166,146364.43698931017
706,2167,218609.28311822983
707,2168,194803.71385432215
708,2169,199265.8562580632
709,2170,217915.74933354228
710,2171,146115.52613054897
711,2172,142190.84867666234
712,2173,165129.33734063274
713,2174,235336.1493025293
714,2175,325830.9298350331
715,2176,310178.0372883747
716,2177,244673.5770567053
717,2178,214017.63299121027
718,2179,140123.8443046795
719,2180,220388.18390707803
720,2181,192035.63816070906
721,2182,217788.72117186952
722,2183,193428.92466308273
723,2184,133418.85025399624
724,2185,111636.6476906734
725,2186,143535.9655899066
726,2187,154308.73023149176
727,2188,154828.41538536272
728,2189,223463.216903644
729,2190,86976.3699465681
730,2191,92211.92298529016
731,2192,95464.72102568239
732,2193,105688.49764211349
733,2194,105856.9524881475
734,2195,111321.57230599796
735,2196,102794.28962350763
736,2197,115336.63813610803
737,2198,166629.80045348732
738,2199,171487.00863532833
739,2200,140912.67982108242
740,2201,144888.7327182617
741,2202,220594.68677819037
742,2203,142654.33504035533
743,2204,176820.75716288624
744,2205,106391.15557821003
745,2206,145350.29760862235
746,2207,218280.19859696945
747,2208,251751.66330744154
748,2209,223038.62191383747
749,2210,127077.9389271586
750,2211,125372.73185411197
751,2212,111791.0293525853
752,2213,102799.85821726569
753,2214,131236.05295453244
754,2215,101536.0522736828
755,2216,144593.0849040113
756,2217,95279.78666352802
757,2218,77820.6284080248
758,2219,83781.5606306065
759,2220,83851.75957889327
760,2221,302490.1674555075
761,2222,242188.5959850033
762,2223,277414.74058567337
763,2224,211256.08508885533
764,2225,128770.25685749532
765,2226,193681.85163931065
766,2227,197651.17833658666
767,2228,260424.76096790415
768,2229,243791.5774869735
769,2230,149937.99220469344
770,2231,224408.17204346368
771,2232,176965.02622327727
772,2233,170703.82447974256
773,2234,247537.62262561405
774,2235,214694.82359436105
775,2236,283443.83387112705
776,2237,342475.8496286438
777,2238,203877.1059538122
778,2239,124780.09092501042
779,2240,158760.89581765118
780,2241,157631.66477166428
781,2242,130908.1298777977
782,2243,129349.15187358268
783,2244,108034.33140478833
784,2245,108564.1927890296
785,2246,146617.640632567
786,2247,118527.67844916199
787,2248,128238.92508686217
788,2249,126803.71607519277
789,2250,134779.39427371274
790,2251,118829.82063460822
791,2252,181120.77742160633
792,2253,154526.23442527425
793,2254,177050.9250030895
794,2255,184684.43500143927
795,2256,191251.02312427308
796,2257,209714.72058675232
797,2258,172547.26680119496
798,2259,170661.07386070193
799,2260,168475.9992046407
800,2261,193743.47047681117
801,2262,220867.40831934966
802,2263,329248.9555864776
803,2264,419224.67367354356
804,2265,170124.37808109066
805,2266,286753.07222108665
806,2267,355023.942468215
807,2268,380453.239472961
808,2269,146359.62711644042
809,2270,187247.46541161352
810,2271,217653.47399180368
811,2272,198103.76323058517
812,2273,153488.46111509614
813,2274,168386.3513976373
814,2275,181161.76706659875
815,2276,183435.39445943412
816,2277,181263.29862935003
817,2278,147395.75579649434
818,2279,122943.15933739225
819,2280,134549.3219855652
820,2281,156669.10213978856
821,2282,185206.80206712638
822,2283,105391.87654856645
823,2284,107261.49560873915
824,2285,167303.48052538658
825,2286,124198.63288673374
826,2287,350798.03384568694
827,2288,265747.47544499306
828,2289,401830.21239540883
829,2290,440791.35860183963
830,2291,316543.21232284
831,2292,412000.52020281384
832,2293,475838.6415254386
833,2294,431600.26844842854
834,2295,437025.27661471214
835,2296,278012.6186783298
836,2297,296487.9090345928
837,2298,296811.67898663983
838,2299,407382.4282249617
839,2300,333437.36340360134
840,2301,260331.02523253366
841,2302,241011.77762180864
842,2303,248052.91256369947
843,2304,251153.14821803363
844,2305,180128.3833228493
845,2306,173160.96307858717
846,2307,171319.04650358748
847,2308,223728.60452869942
848,2309,277073.1016543409
849,2310,223731.75394733244
850,2311,204208.23485384774
851,2312,177920.54781842147
852,2313,170405.35564025826
853,2314,186089.77294964963
854,2315,176983.99738064286
855,2316,187356.94537212048
856,2317,177340.5574896411
857,2318,174284.13549963868
858,2319,179688.9992094248
859,2320,183940.77986708714
860,2321,243548.98044846303
861,2322,180061.83618569397
862,2323,181333.642048109
863,2324,175915.76296135443
864,2325,204971.14106245153
865,2326,170852.4261117575
866,2327,215455.27725472444
867,2328,228880.9486935225
868,2329,181682.4717080026
869,2330,168449.39744438403
870,2331,352786.3488166456
871,2332,409415.2145545108
872,2333,324835.8174574269
873,2334,257925.4373609709
874,2335,257678.2383017347
875,2336,322349.5277710305
876,2337,193693.80093139107
877,2338,286056.6224257231
878,2339,218932.98342951498
879,2340,403581.361760429
880,2341,213404.99493615777
881,2342,231463.4381444976
882,2343,214891.59555452075
883,2344,230564.295467871
884,2345,239792.57231156316
885,2346,225099.4347254336
886,2347,193388.3305883009
887,2348,233542.4524844414
888,2349,172024.156848015
889,2350,272706.34979332273
890,2351,242567.5885231458
891,2352,243641.36554019377
892,2353,232437.0074392666
893,2354,140175.4726175294
894,2355,159139.78532662225
895,2356,152169.338105039
896,2357,191100.10320300155
897,2358,187217.17749616518
898,2359,123433.63483967113
899,2360,115710.26160125434
900,2361,143042.3829731206
901,2362,269425.7596151832
902,2363,135747.83211209325
903,2364,165460.43588426054
904,2365,221722.19965126374
905,2366,204089.91001822558
906,2367,229512.76623055452
907,2368,215346.98965022207
908,2369,218400.46618043564
909,2370,171096.13904039105
910,2371,167576.18067141567
911,2372,188517.2379101612
912,2373,266209.754638941
913,2374,299890.0874887681
914,2375,260884.44806421676
915,2376,277362.9004115944
916,2377,395722.0402455166
917,2378,136902.07394175563
918,2379,195315.3767613904
919,2380,139785.20577408606
920,2381,156044.04411192972
921,2382,190735.40046991452
922,2383,193594.86007529043
923,2384,243491.8633443035
924,2385,159739.16024822587
925,2386,136732.85935522147
926,2387,136790.53516884573
927,2388,104730.93974387264
928,2389,130062.39027707056
929,2390,147297.14180667978
930,2391,144140.68605828457
931,2392,119433.32111658894
932,2393,172381.37961280328
933,2394,143838.05323767185
934,2395,205057.11621996222
935,2396,132887.9447507976
936,2397,220101.79462961497
937,2398,135384.04730070924
938,2399,58963.31280882532
939,2400,57423.07781655402
940,2401,112463.54975420801
941,2402,139236.6039398568
942,2403,138897.98226535507
943,2404,149379.5212130777
944,2405,154044.94381337395
945,2406,140354.0800821054
946,2407,128570.49749823073
947,2408,140297.66162267208
948,2409,125608.41240572937
949,2410,169492.70975003904
950,2411,123830.22223826358
951,2412,159754.9101383882
952,2413,129187.8766724305
953,2414,131833.4656812899
954,2415,138018.14948000963
955,2416,127997.33864881427
956,2417,126805.33904516925
957,2418,127861.95548208966
958,2419,117567.63572854761
959,2420,123470.45746375862
960,2421,142100.19144571444
961,2422,118929.06953660237
962,2423,140352.9813626546
963,2424,154556.79435547817
964,2425,198311.7012460004
965,2426,140430.74838568026
966,2427,136486.5331145387
967,2428,185227.18941514118
968,2429,120836.37221910805
969,2430,131634.79205804446
970,2431,105082.2465695678
971,2432,151530.76764314488
972,2433,149307.9751132202
973,2434,141443.9203562967
974,2435,149994.8909042716
975,2436,110045.54864591628
976,2437,108312.82117157672
977,2438,124761.3515328064
978,2439,114913.4658135145
979,2440,118023.58054303045
980,2441,104024.10598010397
981,2442,105846.0040473858
982,2443,118255.2326599156
983,2444,130799.88885289137
984,2445,78389.87143296502
985,2446,128196.13087495462
986,2447,194988.82452446336
987,2448,133172.92474811972
988,2449,106759.12535663346
989,2450,137591.62777641384
990,2451,121027.55884236126
991,2452,214479.2339266534
992,2453,98261.90153292836
993,2454,128113.1684544873
994,2455,123582.63072192777
995,2456,126922.11382168466
996,2457,127961.5297498642
997,2458,118452.95542869037
998,2459,105681.65449365454
999,2460,135901.808989041
1000,2461,105737.20807120122
1001,2462,130394.50531246504
1002,2463,116169.74091058779
1003,2464,162474.94207324134
1004,2465,125068.9733717705
1005,2466,105752.85287169476
1006,2467,144102.45859494436
1007,2468,73323.12621149536
1008,2469,68189.84129486461
1009,2470,183286.66728430442
1010,2471,211647.55036849817
1011,2472,151849.39750791903
1012,2473,120034.17554794194
1013,2474,96903.53425914493
1014,2475,228818.3720079966
1015,2476,112445.66512410916
1016,2477,124484.47507943511
1017,2478,161663.95927000872
1018,2479,99869.82410265984
1019,2480,156256.6462732649
1020,2481,120164.64530858975
1021,2482,129175.60715078335
1022,2483,116579.45917509016
1023,2484,121360.18266957144
1024,2485,124438.43878593885
1025,2486,159392.69843717973
1026,2487,182493.59371533457
1027,2488,161236.01984796827
1028,2489,147704.1643315131
1029,2490,156782.19947177626
1030,2491,97220.06598562999
1031,2492,173041.93079648857
1032,2493,157268.5741043579
1033,2494,161102.08261757524
1034,2495,93606.26178031758
1035,2496,226877.37059341092
1036,2497,145587.2232913617
1037,2498,111918.65613165584
1038,2499,96124.58248313877
1039,2500,131179.7350149558
1040,2501,137470.47351491576
1041,2502,149475.46932063706
1042,2503,101143.33589609982
1043,2504,168084.2641024381
1044,2505,229226.73997945176
1045,2506,254622.7341881198
1046,2507,312634.79311304283
1047,2508,255004.05123812295
1048,2509,211916.51156734742
1049,2510,225276.55385397642
1050,2511,176571.69017388418
1051,2512,202074.9053382324
1052,2513,206705.48540911058
1053,2514,243540.68340273417
1054,2515,146391.54873790484
1055,2516,158944.43182008475
1056,2517,141931.20491956733
1057,2518,151727.591368735
1058,2519,220982.22827667693
1059,2520,208378.272289539
1060,2521,189343.54454223262
1061,2522,226557.28476296953
1062,2523,124683.36296584307
1063,2524,139935.69760249148
1064,2525,146976.2367808007
1065,2526,136033.26812364356
1066,2527,110957.19549985963
1067,2528,131512.6795468702
1068,2529,130690.5644699479
1069,2530,122574.44327410666
1070,2531,248669.2732313201
1071,2532,223783.40627512548
1072,2533,194595.9143668309
1073,2534,226287.92531477148
1074,2535,322292.1145152893
1075,2536,236731.38260655446
1076,2537,237910.83428437135
1077,2538,180477.9526727772
1078,2539,190027.3129764311
1079,2540,169538.07828169822
1080,2541,179128.99841416924
1081,2542,157048.83936837735
1082,2543,124894.46084497988
1083,2544,128843.48865349629
1084,2545,138944.49032175078
1085,2546,130263.9477828439
1086,2547,143976.16049253292
1087,2548,148535.76215632717
1088,2549,158545.51550197025
1089,2550,270924.484581835
1090,2551,135073.13041612442
1091,2552,128716.43605443969
1092,2553,80287.7889892537
1093,2554,106890.11717730704
1094,2555,123932.20271279139
1095,2556,109690.55637779855
1096,2557,109356.20182670566
1097,2558,165170.6211192938
1098,2559,144947.49452574438
1099,2560,142170.00594586617
1100,2561,159754.99372884078
1101,2562,131282.56078665206
1102,2563,152958.21320143182
1103,2564,193358.8923275731
1104,2565,143515.70434737732
1105,2566,155718.16514087658
1106,2567,134645.38316324627
1107,2568,194094.01177181042
1108,2569,196115.3331943232
1109,2570,125399.01758624482
1110,2571,186642.7318867087
1111,2572,185188.01718212067
1112,2573,221155.91954544
1113,2574,280554.38663856284
1114,2575,125527.99027850809
1115,2576,128756.64570695371
1116,2577,153289.48811910694
1117,2578,90713.31396333592
1118,2579,72874.92679764245
1119,2580,141242.72171244392
1120,2581,132001.29797978414
1121,2582,120137.83062691453
1122,2583,288182.7240891564
1123,2584,158276.08602544144
1124,2585,180150.27048439012
1125,2586,225771.0680917729
1126,2587,207934.82357858316
1127,2588,162056.61628877584
1128,2589,146007.95327253337
1129,2590,216594.21477293203
1130,2591,207411.83584871923
1131,2592,209383.73461610044
1132,2593,256429.55538132633
1133,2594,176235.44286913256
1134,2595,207272.98745316506
1135,2596,333772.09626737953
1136,2597,176515.50826415565
1137,2598,271663.9873942479
1138,2599,331215.53089858434
1139,2600,199474.65348485968
1140,2601,139621.83402347934
1141,2602,84488.82222153046
1142,2603,101102.54965723705
1143,2604,91113.75376101567
1144,2605,77135.32771433693
1145,2606,142337.05881740357
1146,2607,176750.5680987726
1147,2608,197448.79861947076
1148,2609,159275.3090747509
1149,2610,117346.86277221529
1150,2611,132271.5829125481
1151,2612,150436.62821847553
1152,2613,131266.82136034977
1153,2614,126014.57457173712
1154,2615,140197.27866777004
1155,2616,144756.96764819862
1156,2617,188592.73645201972
1157,2618,210212.98485881058
1158,2619,202509.26112271938
1159,2620,184355.21153283498
1160,2621,179909.1182122951
1161,2622,183384.58510456837
1162,2623,245304.55812566556
1163,2624,293838.20438023744
1164,2625,321708.0001789031
1165,2626,165746.57135273927
1166,2627,184082.6336928286
1167,2628,429638.04894647445
1168,2629,533700.904998378
1169,2630,395567.48594243586
1170,2631,453914.74586328224
1171,2632,427666.30031852523
1172,2633,325428.61353220284
1173,2634,399483.38356158073
1174,2635,153267.83887779832
1175,2636,184943.14166046178
1176,2637,186847.32392931485
1177,2638,260041.6247171017
1178,2639,186873.46986910232
1179,2640,148454.52333167748
1180,2641,103966.23028305832
1181,2642,192197.05153275086
1182,2643,101259.44394360925
1183,2644,119678.24637114964
1184,2645,103880.59996565542
1185,2646,97192.95933616192
1186,2647,102645.00629618278
1187,2648,142533.8120960368
1188,2649,147284.65728364812
1189,2650,159778.78357835635
1190,2651,138857.19502979814
1191,2652,419952.76090167684
1192,2653,247781.83744510825
1193,2654,241304.76223022296
1194,2655,391468.79106034245
1195,2656,336106.64326993725
1196,2657,341574.47723487474
1197,2658,274765.6372575979
1198,2659,324388.3932159496
1199,2660,342995.32239871577
1200,2661,370198.20856390445
1201,2662,357734.7548627315
1202,2663,277681.4353005133
1203,2664,263748.0434673222
1204,2665,335029.68600393843
1205,2666,287308.0272576283
1206,2667,166690.95446247896
1207,2668,184038.69951287986
1208,2669,169110.71993910076
1209,2670,308470.7333121231
1210,2671,187064.33301895377
1211,2672,189733.26898419016
1212,2673,217066.51612884345
1213,2674,214676.0164059054
1214,2675,172602.5215246517
1215,2676,186042.944104534
1216,2677,192504.584013428
1217,2678,265937.80263784825
1218,2679,277968.97680988227
1219,2680,283433.7154618789
1220,2681,409136.4367912023
1221,2682,356203.7211290582
1222,2683,533802.9752656963
1223,2684,326374.0030121466
1224,2685,366056.4259433729
1225,2686,245535.80240171732
1226,2687,313507.8894363568
1227,2688,227048.63993765396
1228,2689,216357.0780344539
1229,2690,474837.51745135925
1230,2691,174941.80652760345
1231,2692,137497.92466160379
1232,2693,196097.10258590776
1233,2694,144058.25015501978
1234,2695,188802.74373263546
1235,2696,185346.99608653248
1236,2697,182385.10420566614
1237,2698,191309.98738267607
1238,2699,171999.33773161337
1239,2700,148340.49296262293
1240,2701,146086.06573542516
1241,2702,107771.4649848339
1242,2703,136676.93168863433
1243,2704,142795.20937268602
1244,2705,120688.30502441572
1245,2706,118437.01104294158
1246,2707,128741.80689536368
1247,2708,137166.51475769968
1248,2709,113334.96197708823
1249,2710,128503.77197546791
1250,2711,282959.27168150205
1251,2712,369665.9746737974
1252,2713,166896.1297666556
1253,2714,157916.98622747854
1254,2715,163731.3471009155
1255,2716,157382.05480293537
1256,2717,190728.88640719999
1257,2718,224521.0543162844
1258,2719,152136.306030971
1259,2720,178187.79868972322
1260,2721,133368.19298816158
1261,2722,152149.12015370207
1262,2723,149013.5796300542
1263,2724,127170.62231688685
1264,2725,135840.2652737676
1265,2726,142865.85002117153
1266,2727,182573.95648966654
1267,2728,159753.25418229197
1268,2729,147606.05639316846
1269,2730,143208.43271267353
1270,2731,131316.77983568722
1271,2732,127966.87584269051
1272,2733,157366.0636130641
1273,2734,144371.89981850525
1274,2735,128219.33323512548
1275,2736,134274.15662556968
1276,2737,123148.48770927664
1277,2738,138018.14948000963
1278,2739,157456.5849095315
1279,2740,137000.41204618517
1280,2741,151358.07055000702
1281,2742,143206.42166570705
1282,2743,144278.74515142426
1283,2744,153334.21206960175
1284,2745,140970.51369506223
1285,2746,138688.4889661296
1286,2747,150381.7521827807
1287,2748,127430.62966055266
1288,2749,130280.24656157468
1289,2750,142915.0102263556
1290,2751,135183.14705838796
1291,2752,225542.74653302663
1292,2753,155487.09463245986
1293,2754,255434.70267326318
1294,2755,123367.31996035972
1295,2756,104479.26861758095
1296,2757,73572.44709728911
1297,2758,84928.83903151953
1298,2759,158352.33269837243
1299,2760,130813.21600505021
1300,2761,145838.9242760534
1301,2762,142000.83001571277
1302,2763,179970.7538638544
1303,2764,156950.3815580885
1304,2765,276249.0744838802
1305,2766,130769.93837120372
1306,2767,88965.71747560019
1307,2768,139060.57360209821
1308,2769,130328.50898948834
1309,2770,161806.23908567635
1310,2771,120886.6280527971
1311,2772,120233.99019764639
1312,2773,148915.47565924324
1313,2774,130244.91098293268
1314,2775,115548.23833968712
1315,2776,139732.55433374617
1316,2777,146109.7776969341
1317,2778,130433.07394784744
1318,2779,122794.50243377221
1319,2780,97224.17700577303
1320,2781,98062.55495787249
1321,2782,83896.13942518477
1322,2783,102209.38571908406
1323,2784,125177.264392538
1324,2785,119537.60078735906
1325,2786,75307.68709518944
1326,2787,122191.63760138924
1327,2788,74821.62312480927
1328,2789,198410.38766759736
1329,2790,89521.51162116023
1330,2791,113508.14904899229
1331,2792,64415.97396745868
1332,2793,171409.08316309866
1333,2794,103522.78330411973
1334,2795,112733.66061805931
1335,2796,101231.07681759716
1336,2797,209128.94737968667
1337,2798,114500.01412317275
1338,2799,110537.51226401089
1339,2800,62624.58677932864
1340,2801,113292.51082348688
1341,2802,137188.0034906699
1342,2803,156128.16808018024
1343,2804,142910.01430243754
1344,2805,103499.76350626808
1345,2806,79314.58082608387
1346,2807,175696.41672737867
1347,2808,149097.29132296235
1348,2809,136402.0699500494
1349,2810,134653.33634052458
1350,2811,158065.61489553837
1351,2812,146891.4600507661
1352,2813,148421.80256469754
1353,2814,158432.4215583845
1354,2815,111645.25535556757
1355,2816,230889.64426608948
1356,2817,151829.8113276809
1357,2818,130297.26042919619
1358,2819,175445.2924216292
1359,2820,133615.19479479347
1360,2821,98427.25924545815
1361,2822,197736.93668497837
1362,2823,250063.19773278237
1363,2824,177040.42953647068
1364,2825,155965.56874162419
1365,2826,130466.59916449442
1366,2827,142386.8845160528
1367,2828,212956.16539745813
1368,2829,177585.74134879265
1369,2830,230955.75308745497
1370,2831,184657.87615318934
1371,2832,247516.8489050271
1372,2833,274925.0039140295
1373,2834,207864.9375137866
1374,2835,202950.64359989713
1375,2836,191183.6308345652
1376,2837,166123.7133425161
1377,2838,147498.27371118127
1378,2839,176681.5144131286
1379,2840,205027.33013611546
1380,2841,202590.0001346184
1381,2842,223381.78895735237
1382,2843,150801.330320338
1383,2844,147843.36221238377
1384,2845,122951.32348916357
1385,2846,207143.16558363498
1386,2847,201302.69423196831
1387,2848,227929.42259680227
1388,2849,202454.37835237794
1389,2850,285614.6388126284
1390,2851,234031.2532183623
1391,2852,234912.4538853452
1392,2853,236030.5878359134
1393,2854,139742.52725467633
1394,2855,210838.18176453438
1395,2856,201102.8425147408
1396,2857,190872.47024035483
1397,2858,214732.91780473062
1398,2859,124324.78578540255
1399,2860,128582.97704953079
1400,2861,127928.42674439991
1401,2862,191226.12389921167
1402,2863,137234.50735068353
1403,2864,224551.19495403633
1404,2865,140205.07976632973
1405,2866,153891.17776385872
1406,2867,96025.97267982266
1407,2868,99877.56559572792
1408,2869,104586.7171585861
1409,2870,130084.41904001735
1410,2871,94831.50281993512
1411,2872,51751.195770963706
1412,2873,105430.94496814042
1413,2874,135438.95681051293
1414,2875,111910.96966515643
1415,2876,165970.36245306768
1416,2877,136525.94193515214
1417,2878,176729.7494704901
1418,2879,143096.45254976815
1419,2880,98073.78341655698
1420,2881,154725.0394973053
1421,2882,166512.71167275592
1422,2883,196188.22154382835
1423,2884,191944.56269118178
1424,2885,189243.23208714367
1425,2886,214490.12848015933
1426,2887,103372.558544981
1427,2888,124425.04524658022
1428,2889,47447.135229136824
1429,2890,82905.79355669829
1430,2891,136943.67208262775
1431,2892,67580.39509439818
1432,2893,97909.49321668806
1433,2894,66427.9833652029
1434,2895,306049.12776906893
1435,2896,277408.97665426455
1436,2897,199067.87691237775
1437,2898,152745.44585673366
1438,2899,221708.01765776981
1439,2900,154160.87357715043
1440,2901,213259.07352171314
1441,2902,193146.33140577254
1442,2903,342563.3619862511
1443,2904,371735.49557738163
1444,2905,101105.08642745623
1445,2906,205008.19789551123
1446,2907,108314.31526932414
1447,2908,134051.71306047792
1448,2909,143575.61028529017
1449,2910,89808.74541993426
1450,2911,84488.82222153046
1451,2912,144422.6204772484
1452,2913,89480.37636478663
1453,2914,78972.74667614231
1454,2915,84904.35334993913
1455,2916,86888.48400005106
1456,2917,177420.76644812193
1457,2918,125441.6185383241
1458,2919,240863.92680570245
